0027993099210f8b	235994	48000	1	16	56
00996e6512dd57e3	52920	22050	1	16	3
00ff75bffaa8a8c1	105840	44100	1	16	85
010e759b4512c099	529750	48000	1	16	322
011a71264ca230dc	105840	44100	1	16	183
0173335b7c244f7c	305328	48000	1	16	325
01762fa5bf5d0c3c	414752	44100	1	16	353
02b5b2a808712ccd	460816	44100	2	16	166
02c0ffd52bfc5ecd	105840	44100	1	16	93
02d284ee3bb57909	4578502	44100	1	16	220
03bc8ae415ccde9b	211680	44100	2	16	378
0477c9c028305047	115200	48000	1	16	51
048c9109b11a9228	7404044	44100	1	16	187
04b8fa8ce401a47b	442224	44100	1	16	380
04e3d0aa7bf2c812	2609360	22050	1	16	2
04e7b4b739ddbd1c	484736	44100	2	16	360
0532acf4ccb3e43b	105840	44100	1	16	184
0583879457f4f9a8	512410	48000	1	16	88
061f44a5e4aeb260	228346	44100	1	16	105
069ac4d8e9294099	112332	44100	1	16	197
06ce6d0de03d0848	16204	44100	1	16	231
06ff9b265ab25bae	115200	48000	1	16	368
07125e8d2273336e	115200	48000	1	16	140
071ee8857c2b1381	105840	44100	1	16	219
08013eaec3d2ebb1	105840	44100	1	16	264
081fe7af936f5f8a	105840	44100	1	16	75
083a9df3ccd80a26	5052592	48000	2	16	382
0852f23956c74f82	1173486	48000	1	16	141
0859a3fd99ea3ee3	2469600	44100	2	16	5
088bf5bb16339042	1190436	44100	2	16	247
089729466bcdfd0c	115200	48000	1	16	135
08bcf74cb428f3c6	105840	44100	1	16	34
0963de0bcf397537	105840	44100	1	16	103
09739ab3c9cfcd4b	211680	44100	2	16	246
09fb0597587b6d9d	105840	44100	1	16	7
0a34194b7ffebc47	105840	44100	1	16	350
0aac088c9d6675c1	105840	44100	1	16	26
0ae96466f3493a0b	1045992	44100	1	16	219
0ba5fd0565ab3b67	211680	44100	2	16	233
0c4313dd179ada08	105840	44100	1	16	297
0cc0631ede9936f9	2610296	44100	2	16	251
0d9af58945c8f212	319790	44100	1	16	144
0dc02779a0b48900	115200	48000	1	16	37
0dc7b791d34a90fd	1022640	44100	1	16	182
0e6f71ca69e19969	105840	44100	1	16	76
0e7c305c3160751e	211680	44100	2	16	172
0e95769230d9d409	105840	44100	1	16	236
10acc27c16301683	315236	44100	1	16	183
11edbe5f5c30b2bd	152576	44100	1	16	28
12dd7f7dff40609f	211680	44100	2	16	388
1311386e4a8ca3b1	1766446	44100	1	16	184
1367bfb291e69fe5	105840	44100	1	16	241
136df5e7e4ea951d	1160533	8000	1	8	262
1531c4b67994b621	58988	44100	1	16	169
15b063a219528d79	3419354	48000	1	16	127
16b02df29103fa32	124008	44100	1	16	194
16f9dd376c9bcafa	105840	44100	1	16	227
1736e28615c6ff18	222208	44100	1	16	42
17c8525b67686d6b	105840	44100	1	16	201
17ebd1b16b49ceae	115200	48000	1	16	159
1806ca77346dd287	211680	44100	2	16	250
1898b926e6ddc97d	331056	44100	1	16	107
1918cc921900375b	24232	44100	1	16	263
191ced0d7bde5a04	121856	44100	1	16	35
193addf67780bfa1	105840	44100	1	16	94
1948d2d2cf5f0e46	10240	44100	1	16	170
199d0cb33c2e8852	297642	44100	1	16	291
1a8e7d62e9490f64	105840	44100	1	16	79
1a9d2af3570fdce1	211680	44100	2	16	360
1b00eb00f81f4913	52920	22050	1	16	48
1b361eb6787d1ed3	415112	44100	1	16	283
1b62408327ea529a	351424	44100	1	16	210
1c38bbb23b3a51ef	211680	44100	2	16	316
1c4c8e84b6a7cae3	632454	44100	1	16	79
1cbe5fdbc292937f	105840	44100	1	16	309
1d8d80c74ae100ca	105840	44100	1	16	10
1daa67e92a2c7610	4103370	44100	1	16	118
1f95fd383e9b4b53	211680	44100	2	16	164
1fc0d1bb7ce92f0f	52920	22050	1	16	81
20045db3bf90e844	105840	44100	1	16	108
208211cc2bc99f3a	189836	44100	1	16	384
20888ee07a949464	228590	44100	1	16	236
210e3c515e38ffce	195096	48000	1	16	125
2131776bcfed0559	115200	48000	1	16	47
2163e39a87872770	13234	44100	1	16	260
216fe968dabe2102	61770	44100	1	16	237
2187dd89bc741d19	1829162	44100	1	16	114
22081f088f081a4c	4147480	44100	1	16	161
2245828870925ccc	219814	44100	1	16	274
22635aa089f45b8c	105840	44100	1	16	265
227611551e0a7e34	532072	44100	2	16	361
22b5a2dc88c57cf0	105840	44100	1	16	212
2314902db5fd420e	66798	44100	1	16	66
23452273c8123d2a	115200	48000	1	16	53
240cac72aadb58a9	115200	48000	1	16	367
245f6a813f8cd194	961700	44100	2	16	167
24995f6d3b212cff	34473604	44100	2	16	346
24d884033fe80d33	3943792	44100	1	16	103
25af7381fb190689	105840	44100	1	16	328
26015b4fbc2b7be6	105840	44100	1	16	153
2630b6361079713a	105840	44100	1	16	278
26491d313038a69a	201936	44100	1	16	285
268c59a2e82d78d5	115200	48000	1	16	67
26c44c98dabdfc7c	94716	44100	2	16	173
26e659d08569cecb	230400	48000	2	16	382
2728af415e115c8a	105840	44100	1	16	284
27a24a9e1d202df8	262726	44100	1	16	147
28671a24ae340d36	170110	44100	1	16	288
2877eefca68d68f6	105840	44100	1	16	311
292c0b7ef49292bf	105840	44100	1	16	91
2963c211b5d3220c	105840	44100	1	16	213
298507220c903511	1147404	44100	2	16	246
29c3f1954234cd7c	319790	44100	1	16	372
2a54e5b4201a179c	196592	48000	1	16	51
2a76ccc2b05e2adf	115200	48000	1	16	30
2a83fb0224a61270	10819200	44100	1	16	84
2ab6f62ee29abdd2	105840	44100	1	16	391
2b112f57441ac9d7	105840	44100	1	16	240
2b451384b9376ce6	841548	22050	1	16	3
2b92778b48411e37	25200	44100	1	16	258
2bfa389a3f5b7f91	334626	44100	1	16	213
2c937ce04de1a195	3327096	48000	1	16	159
2cc1f2d7101354dc	105840	44100	1	16	186
2cd86492f929e9f9	748274	44100	1	16	122
2ce1a35e1e7da9c4	112884	44100	1	16	199
2d32dee95a3d5006	190414	48000	1	16	368
2d6c2a647214ce4f	105840	44100	1	16	147
2e7074279d81a294	774982	44100	1	16	74
2e9eb4a66175dd3c	105840	44100	1	16	203
2ee43315230722c7	2072128	44100	2	16	249
2eea18685f728e01	115200	48000	1	16	326
2f852431df28b14b	2803586	44100	1	16	8
303abb735339c12a	262726	44100	1	16	375
30664702d7076e0f	105840	44100	1	16	104
306e7f598cece14a	2860588	44100	1	16	269
32dd665d4e82c0aa	115200	48000	1	16	150
32e13d6e970a2b82	115200	48000	1	16	62
330b9da20f34b143	105840	44100	1	16	274
3332962b60727c7d	204142	44100	1	16	273
33b030ee15aa102a	105840	44100	1	16	359
33c5dd4d7a483308	105840	44100	1	16	356
33fcc270ec538fa5	422570	44100	1	16	82
341e6bb12ff9dd64	594302	44100	1	16	45
342d93cabe69edcd	173136	44100	1	16	209
345065274fd3f024	2341274	44100	1	16	204
34df2682cb0d3fa4	105840	44100	1	16	380
34f44c1c308c3ffb	105840	44100	1	16	290
352d8663b5f71879	278000	48000	1	16	369
353385dc73a5d485	115200	48000	1	16	36
35b377e5bb9be629	280800	44100	1	16	121
363eae54bc766861	4082	44100	1	16	345
3687964ecb62dca3	105444	48000	1	16	68
3691d3394ace3c56	364012	44100	1	16	113
373c2f00621690f1	105840	44100	1	16	19
37b86dbc832d60c7	8708488	44100	2	16	394
37f99dc2db989175	105840	44100	1	16	161
3897f87225f484c6	869532	44100	1	16	85
39440cea02d41587	188432	44100	1	16	10
3958cf2630ae437e	526746	48000	1	16	135
3a0f8d1fbd7114d3	105840	44100	1	16	71
3a31e1bf0b904b42	115200	48000	1	16	133
3a3edd57017d3cfb	105840	44100	1	16	244
3a5dc5034afe5dde	110326	44100	1	16	71
3a70227865e6255f	211680	44100	2	16	1
3a707487bacb94b8	115200	48000	1	16	325
3a8fa9386724059c	105840	22050	2	16	302
3a9b4bc3f904289b	105840	44100	1	16	209
3aaec3abc4e32e2e	234692	44100	1	16	389
3acb36d0a1f0f5e8	1103940	48000	1	16	52
3b13c580d37133ab	121856	44100	1	16	72
3b4f1f3e419795ed	105840	44100	1	16	139
3b7d80497e3c53a9	115200	48000	1	16	369
3b889ef7717133f9	167936	44100	1	16	185
3be03f7d6b052489	227524	44100	1	16	104
3c2cb05bbba23c8a	105840	44100	1	16	192
3ca587f0628ecea7	105840	44100	1	16	286
3d0d1c95a02d8958	105840	44100	1	16	175
3d514068a81c65b6	105840	44100	1	16	226
3d5b6cde8a9f6bdb	426684	44100	1	16	313
3db80588d5dd3304	52920	22050	1	16	301
3e4297714f0114a8	115200	48000	1	16	131
3e5f8bb3aa407d0c	789802	44100	1	16	12
3ea073912d8529a5	9600	8000	1	8	262
3ec06eb53546b5c8	115200	48000	1	16	96
3f40c08dc8fe65b8	876418	22050	1	16	152
3fa5fc903b0cafd9	126748	44100	1	16	196
3fd9669f5c723051	126150	44100	1	16	200
3feab4a04604038b	282638	44100	1	16	109
3feca01428e1b063	105840	44100	1	16	295
4006d34a5f6c52e3	115200	48000	1	16	323
40122754528a94d2	130084	44100	1	16	212
401c20dcbc971aa1	52920	22050	1	16	387
409e1e5d413e6ae7	315238	48000	1	16	370
40cf846e87917c7f	211680	44100	2	16	321
418ba9fc3623c831	105840	44100	1	16	169
41afcfe02e115c60	292886	48000	1	16	371
420e0a665121cf18	105840	44100	1	16	92
42836665cd1f064c	585364	44100	2	16	250
42ae41fdf7df7c64	595912	44100	1	16	203
43332cfc01eac246	105840	44100	1	16	15
43514a4dcee4233a	195894	48000	1	16	53
435b3b9f773505e1	115200	48000	1	16	128
4376de8bb0f25d8e	105840	44100	1	16	373
43d70937db1683a3	2276708	22050	2	16	315
43e867a103549ec2	105840	44100	1	16	13
444198a61044d46b	105840	44100	1	16	239
44a5b3e9e8f683d5	275900	48000	1	16	30
44acb19e3dbd0d16	115200	48000	1	16	324
44de43d9ddf5e0b6	163344	44100	1	16	181
4528171846742e29	105840	44100	1	16	377
45d66eec3a810425	115200	48000	1	16	132
47012689e95b7ba8	414608	44100	1	16	355
472019d73b6ac841	105840	44100	1	16	146
4898b69005b39571	28960	44100	1	16	95
48a2927da1a0cd6b	105840	44100	1	16	216
4a868c892c07e64a	20798	44100	1	16	241
4a907ef665c4889e	105840	44100	1	16	225
4b0bb8b58d7fb9b9	546276	44100	1	16	19
4b27893f958da7ba	164940	44100	1	16	153
4b5bf087d06af5b6	451536	44100	1	16	245
4b881406873c8025	105840	44100	1	16	245
4bc6fe57ed7dba7a	105840	44100	1	16	204
4be735769ff9fad0	52920	22050	1	16	4
4bf7c81f857df8fc	251434	44100	1	16	277
4c0218d5064f5d65	105840	44100	1	16	206
4c3a8909435a06ed	105840	44100	1	16	188
4c4b5357501e6a31	105840	44100	1	16	277
4d1a585a3c861d98	105840	44100	1	16	205
4d9141c047997c94	265244	48000	1	16	29
4db4263470e4e922	174280	48000	1	16	364
4de6a8b2901c07fb	1210388	44100	1	16	73
4e16e897466b5d61	164940	44100	1	16	139
4e6af1e05434e41e	3332852	44100	1	16	254
4e9963db9f543cde	105840	44100	1	16	384
4eb9f027b990ac09	166552	44100	1	16	235
50991ec9d39912d8	180046	44100	1	16	374
50b323c5477752c4	105840	44100	1	16	151
510260e72b8e7d17	47104	44100	1	16	61
511beaff1c557287	74068	44100	1	16	350
517c1a9f7f2460c4	105840	44100	1	16	254
51bd9d032b23c109	1170420	44100	1	16	13
51c3b7f8c816945f	111260	44100	1	16	264
52072d2adde66db0	259848	44100	1	16	145
520d03637d38b71c	944850	44100	1	16	215
521209884c01ebe8	115200	48000	1	16	55
52194eae3e9348f9	125448	22050	2	16	303
5222ed89235ba36e	180046	44100	1	16	146
5267b9063a406186	105840	44100	1	16	261
5305b99ea03e2aea	35562	22050	1	16	301
535337a9706550e9	399446	44100	1	16	292
539dbbd0fa2d359b	105840	44100	1	16	66
53a0edcba70adfed	105840	44100	1	16	45
53b6ce3ba13c5331	52920	22050	1	16	257
5406ff0486400c2d	105840	44100	1	16	77
540dc9ce7f65ff5f	629990	22050	1	16	48
542702c8d3d2bace	308024	44100	1	16	87
5463abebc2236804	115200	48000	1	16	83
5494e39c1c03e8c4	713218	44100	1	16	180
54c8985e6a0aa2f6	723720	44100	1	16	76
553e0e9690e60e62	26878464	44100	2	16	16
557938860ac95589	211680	44100	2	16	217
55f5865db37405ab	1817852	44100	2	16	172
5662d601f7ee8de3	105840	44100	1	16	318
568a3aa3e179a64d	620864	48000	1	16	58
568d1cba2affb2af	211680	44100	2	16	346
56ada56eadfbc0ad	105840	44100	1	16	194
56f9a4f932fc7425	105840	44100	1	16	191
5726f4a089b84ba7	120278	44100	1	16	75
57bee9e39a85745c	105840	44100	1	16	199
58574c04e5de2c95	21874	44100	1	16	65
58c3b5ae146a2851	105840	44100	1	16	214
58d72cdd4c03d814	105840	44100	1	16	70
593585c467025c7b	1521294	44100	1	16	64
5962d06fd9cf3c36	105840	44100	1	16	218
59fe3267ffd6205e	105840	44100	1	16	283
5a36757bd63950b5	115200	48000	1	16	58
5a62166350055279	115200	48000	1	16	126
5a7eb1b54333a911	115200	48000	1	16	129
5a9fcbf851b15d18	291584	48000	1	16	40
5abf0c3e9f72ac28	105840	44100	1	16	291
5ad627c327dfd75e	588372	44100	1	16	89
5afa4623b6737630	99720	22050	1	16	299
5b1c30112f153d1d	105840	44100	1	16	78
5b25b3bbbe7032de	1399394	48000	1	16	44
5c2e1d4229ea253b	25538	44100	1	16	14
5c3245b36ca834ab	46216	44100	2	16	348
5da3617215f1e80f	1683098	22050	1	16	4
5dbba58b094dd2e3	2387734	44100	1	16	349
5e485f9ab539cda7	115200	48000	1	16	134
5ea38f74ab399b2a	211680	44100	2	16	102
5ec088365b53dfc4	52920	22050	1	16	2
5f27b9570902dcfb	105840	44100	1	16	269
5f50a3d70d71ccf8	93092	44100	1	16	21
5f9a640d0f9f20d7	151652	44100	1	16	359
5fc5f37ef49a33e2	9203060	44100	1	16	158
5ff8c0270beaa30d	492770	44100	1	16	281
5ff8d41b80e1d088	105840	44100	1	16	74
605827bf555a7ff0	740112	44100	1	16	78
60bacf0ed5705a12	260338	44100	1	16	208
61496fae6798fac8	211680	44100	2	16	394
61d1afa79359ebd6	115200	48000	1	16	49
62a10141984d8d20	10819200	44100	1	16	347
639b64ba234973a2	451216	48000	1	16	326
63fcad5da2c6f074	423032	44100	2	16	300
642886be5fcd7513	994230	44100	1	16	112
65ab20410b5c9a58	261120	44100	1	16	23
66667b4377bf32ea	105840	44100	1	16	116
6834f9d8fe669f03	11289600	44100	1	16	268
683c6b7fd3fae20a	157980	44100	1	16	376
683e121a79895a82	214360	44100	2	16	270
68adde0c43e93f77	211680	44100	2	16	160
68b4582e033bafe1	115200	48000	1	16	90
69079ac4b653e443	115200	48000	1	16	125
69192ab56678a424	105840	44100	1	16	228
69c855f529f6f716	105840	44100	1	16	273
69c89422f900a0a5	105840	44100	1	16	238
69ddba35949d0db8	449778	44100	1	16	352
6a082a6ad011ae5a	105840	44100	1	16	220
6a0d9fa469906f17	211680	44100	2	16	251
6a26b0b2f39ebad4	277938	48000	1	16	96
6a584669a6cda356	105840	44100	1	16	266
6a92bd5b3ecc922a	105840	44100	1	16	149
6c3c6a80d16f02b4	105840	22050	2	16	41
6c412083f7c207ae	426702	44100	1	16	252
6cf6a800dbe8dae9	1112594	48000	1	16	150
6d215313559e708f	115200	48000	1	16	57
6d2c2c0aebc39ff7	52920	22050	1	16	255
6d4ac37fa4633227	211680	44100	2	16	247
6d4b780fa81540b1	3178676	48000	1	16	83
6db7e667778b1135	115200	48000	1	16	371
6dd7b76acbd2011c	105840	44100	1	16	285
6e0bbed2a3b51aac	105840	44100	1	16	114
6e7164c8e4494c32	105840	44100	1	16	305
6ebb5ea9accb6abe	115200	48000	1	16	363
6ed6639bdf0f8eac	177026	44100	1	16	289
6f2bab1cc27c5f11	46544	44100	2	16	320
6fedd15415042470	105840	44100	1	16	385
70c28d61d71a0150	303754	44100	1	16	176
70d360d9960ec521	458560	44100	1	16	275
7144096d20739c1b	2271150	22050	1	16	253
71d16c1a4fe0e34e	56336	22050	1	16	117
7255dbefe568d172	74644	44100	1	16	163
725780e8995958ee	876202	44100	1	16	7
732ab0f9ffb5e519	258180	44100	2	16	233
73b180a168cffaa9	512830	44100	1	16	229
73e62a39e7351174	1161672	44100	1	16	115
7438208314c83161	105840	44100	1	16	142
749af7519354fa77	105840	44100	1	16	115
755a188141903185	419074	44100	1	16	280
7654fbc57c3ed368	105840	44100	1	16	170
76bfd72d52b24165	105840	44100	1	16	287
774e2340a22985bd	115200	48000	1	16	52
77efc488985cc9e1	2829016	48000	1	16	132
7823bc1ee442b53a	2500436	48000	1	16	298
78cc85a0be42ad55	418158	48000	1	16	36
78f0d6cfbc3d2b33	211680	44100	2	16	173
790f3a8354e7d424	105840	44100	1	16	87
797275a5a63f8af4	105840	44100	1	16	281
7a7b2fb868b4fb8e	702148	44100	2	16	224
7aa80571c65563aa	28224000	44100	2	16	379
7c0663ea2a3975cd	10648364	44100	1	16	130
7c15a902a517e5b6	665300	44100	2	16	388
7c80ec92142596db	555804	44100	1	16	228
7cb029647728b647	105840	44100	1	16	100
7cc695043072fcbc	105840	44100	1	16	310
7d11d0e2defe5be9	112640	44100	1	16	98
7d67d94f139f85f2	485130	48000	1	16	148
7d8cea570ea49e40	105840	44100	1	16	345
7d8fd4ff74ee8ab4	2357634	44100	1	16	156
7d96ae7bd1ab5960	253984	44100	1	16	297
7dffa8baf8c4394b	1027408	44100	1	16	282
7ebfa1e92371d041	360954	44100	1	16	296
7eda096c4485d7a8	366432	44100	1	16	225
7ef3241ac56234c1	5434	44100	1	16	261
80ce300e0758cc75	105840	44100	1	16	61
8108ed4d2c37dbc8	105840	44100	1	16	351
81b49ee28ba88f27	105840	44100	1	16	280
8211590f4417ab06	648646	44100	1	16	279
82bff6e96d01c543	176488	44100	1	16	206
8324ccba8b1cc535	105840	44100	1	16	42
834b419348d52bdf	52920	22050	1	16	256
846a5c8de665503a	34473604	44100	2	16	378
84701d5e82bd6840	105840	44100	1	16	99
85ef382e69d763cb	115200	48000	1	16	56
8652f895afb267e7	322090	44100	1	16	304
87d4f4b3dca41e2c	105840	44100	1	16	72
87f616e0e954cc27	105840	44100	1	16	276
881df325a773d93c	105840	44100	1	16	101
882b7e835699c8fc	105840	44100	1	16	109
8852e6879423dcbe	105840	44100	1	16	268
888f860fd1b4e568	229914	44100	1	16	290
889f3d51f991c6ad	527086	44100	1	16	214
88a4298a0d1f8498	105840	44100	1	16	221
88c056c0aaeef1af	2619330	44100	1	16	168
88ca5cc3d40d49b3	211680	44100	2	16	222
891e47d5b8f7f6a2	142256	44100	1	16	234
8955fc8aeeba0941	105840	44100	1	16	80
89567d0bda201551	105840	44100	1	16	260
8a3e883131d13bcf	211680	44100	2	16	248
8a9e234f4fb87cbb	105840	44100	1	16	376
8b85f9006396044c	13970878	44100	1	16	377
8c1532e53bba176b	115200	48000	1	16	322
8c7676c07eb064be	66560	44100	1	16	142
8cce7e54f5cc4383	105840	44100	1	16	352
8ce97cfa36120c63	76442	44100	1	16	342
8cec19335e42148f	9596162	44100	1	16	243
8d34c9dbde5b2774	420064	44100	1	16	307
8d9799f22565da33	105840	44100	1	16	234
8e2e6a752794ade0	105840	44100	1	16	165
8eb5c05265ce98bf	142336	44100	1	16	80
8f083f48c78a80f1	115200	48000	1	16	365
8f0edb3d0d00e7d6	525252	44100	1	16	149
8f478eff0cd62ddd	457504	44100	2	16	222
8f7bc8bd9c4706b5	105840	44100	1	16	168
8ffc399fd5e3ceb7	211680	44100	2	16	166
90535aac38fc1b1a	121856	44100	1	16	34
9076eeaa3862c23d	105840	44100	1	16	282
9096fc22f1e6d979	105840	44100	1	16	275
90cde4556a9c3b13	608594	48000	1	16	90
915c64fb25832917	105840	44100	1	16	293
918ce491cc017404	156296	44100	1	16	207
91bab278cc4b2b0f	105840	44100	1	16	195
9221b7bd2f852b4f	472126	44100	1	16	266
927fc9d945518761	105840	44100	1	16	89
9388b468b6b6f528	115200	48000	1	16	63
9398fdcf728446db	358130	44100	1	16	358
9415b1fa67207b89	228280	44100	1	16	110
94772169032a8a3e	290862	44100	1	16	317
94fa7a842497ffde	115200	48000	1	16	88
94ffdb994e4e7c94	336574	44100	1	16	293
95a6a73417af2edc	1086794	44100	1	16	188
9622065faca0f3bf	105840	44100	1	16	263
9650a353e4d2f61e	105840	44100	1	16	179
96b6b5f9258122e7	115200	48000	1	16	50
9799539c1813a9c9	105840	44100	1	16	97
97c30643bc14f5a0	211680	44100	2	16	202
97cd617b5ea23fe7	105840	44100	1	16	312
97f46a6880024a58	411620	44100	1	16	294
99652b75fb422364	105840	44100	1	16	210
999b91139d3115e5	221548	44100	1	16	211
99c61eac4d905fa9	105840	44100	1	16	98
99c624344430ea57	105840	44100	1	16	258
99edd519fcaa73da	350680	44100	1	16	312
9a0063b3422f7204	523048	44100	2	16	162
9adc2747508206e4	105840	44100	1	16	375
9aec2c01c70e5b7d	105840	44100	1	16	374
9b12ada57f9b6154	718838	44100	1	16	311
9b1a245b5b04ea12	105840	44100	1	16	343
9bb88a4157aa40d9	40446	44100	1	16	15
9bced1ad71f6e3da	118602	44100	1	16	43
9bf051fc359bf247	19456	22050	1	16	387
9c704c41fb418d05	105840	44100	1	16	69
9cb63eebd036aa13	105840	44100	1	16	279
9d21757769cec7c4	146510	44100	1	16	70
9d6e992486556df0	105840	44100	1	16	84
9e6aea296d37b30e	224992	48000	1	16	363
9ee75da5d2092723	5414	44100	1	16	175
a034f01e914bd354	105840	22050	2	16	22
a048428f906d6734	119758	44100	1	16	193
a12aae43dfd66bc0	105840	44100	1	16	182
a14ccfe274a824f0	971838	48000	1	16	57
a16d529ce5f312ab	105840	44100	1	16	27
a2772948b77354cc	1866380	22050	2	16	41
a27b8dd6b46d6480	183918	44100	1	16	276
a2d58e6275c8b18c	880532	44100	1	16	191
a30be8a0eb8013c0	105840	44100	1	16	344
a30d3d3b317860d6	105840	44100	1	16	73
a35d03487ba22307	115200	48000	1	16	40
a367ef608805b9b6	105840	44100	1	16	122
a3da3a63fb12a4fb	105840	44100	1	16	180
a3fefbe373908f59	115200	48000	1	16	46
a40a1d5c5ee883f1	182384	48000	1	16	267
a4293f0f1c307cb3	478188	44100	1	16	318
a4e8a6f6e250ddfe	105840	44100	1	16	296
a5e8c02a017b5f06	105840	44100	1	16	355
a69901a86a0ddb8c	1266174	48000	1	16	129
a6acdd182892e401	105840	44100	1	16	200
a6b9518e59f90dce	151552	44100	1	16	99
a6e4170b35460390	154724	22050	2	16	22
a7213dd145d357d1	304436	44100	1	16	354
a7756f122e71fc30	16818	44100	1	16	239
a78037c892c15dd1	105840	44100	1	16	306
a808875787a5df42	1389606	48000	1	16	126
a82ed2dde4845cf0	105840	22050	2	16	315
a8602b50e9959607	105840	44100	1	16	383
a8f5a18d93177912	105840	44100	1	16	28
a9249734c2715f29	63880	22050	2	16	302
a9bca81f6e66cecf	1664886	44100	1	16	20
a9bca81f6e66cecf	1664886	44100	1	16	6
a9c23b6759c03906	209920	44100	1	16	100
aa2da859d43e16d7	105840	44100	1	16	381
ab066ef4544da552	2469398	48000	1	16	62
ab089158d0ae77be	290460	44100	1	16	386
ab3f86ecfa9fd85d	105840	44100	1	16	181
ac2cf6d2b39c05e5	205844	44100	1	16	92
ac51636672dc6586	429882	44100	1	16	308
acea7b589ee7c7e8	105840	44100	1	16	106
ad3004883efed46b	395660	44100	2	16	164
adb7c2c98bc70c7f	120624	44100	1	16	192
addc48810e05d568	115200	48000	1	16	141
ae659f2fb41e7426	105840	44100	1	16	304
ae7a7325ffad61b9	112640	44100	1	16	26
ae88cefee9d6d3f4	280110	44100	1	16	305
af11084f0d060073	42520	44100	1	16	240
af551a7c6d4f004c	781722	48000	1	16	67
af648b20af8d5b8d	2564608	44100	1	16	178
afe2b9a0a219cbf2	105840	44100	1	16	358
aff1064114054570	2251738	48000	1	16	131
aff6fbf5c8ce8009	853754	48000	1	16	136
b229af351f1c5107	121856	44100	1	16	69
b2b9aff11fb9ba7e	521070	44100	1	16	179
b32c5fbd9adda947	211680	44100	2	16	167
b3952507a30f8d0c	115200	48000	1	16	148
b4052d6a12eb6bb2	99682	44100	1	16	165
b4439189cb6d14b7	105840	44100	1	16	307
b4585d3532ea161b	5721176	44100	2	16	217
b544574952d01d2a	105840	44100	1	16	308
b5de129f7cae4346	105840	44100	1	16	21
b604532a8b682170	119616	44100	1	16	195
b62d9fa7593964a7	105840	44100	1	16	215
b638334e7d053865	105840	44100	1	16	158
b7938dc26e162712	347352	48000	1	16	327
b79f98e1b84132ef	211680	44100	2	16	314
b7b6f2fc13995ca2	1688900	48000	1	16	54
b7b8726841bf5826	105840	44100	1	16	211
b7dee421cae9f0bb	105840	44100	1	16	354
b80a51eec7e4036f	105840	44100	1	16	349
b859542fef345079	215674	44100	1	16	108
b8c2f45b711a44d4	105840	44100	1	16	289
b930ca7056083be0	115200	48000	1	16	124
b9624b807535ffac	105840	44100	1	16	235
b9cf0035a2550f14	320120	48000	1	16	31
baf1a79cc43485c9	211680	44100	2	16	157
bb29e11da095b8b8	115200	48000	1	16	68
bb390d4f76772115	278154	44100	1	16	319
bc3856619c45a2ae	105840	44100	1	16	60
bc853e7ef2e8b049	406998	44100	1	16	309
bcc6b52e156265bc	59948	44100	1	16	344
bcf1690d56b0476b	2585406	48000	1	16	49
bcffa78a09d1c8ba	27420	44100	1	16	120
bdbec9f3f13a6508	105840	44100	1	16	288
bdeccf1673e834e6	115200	48000	1	16	327
be0d5a13a3e8411d	223338	48000	1	16	367
bea8fe17395d88eb	211680	44100	2	16	162
bed742d8041f7b5a	817430	48000	1	16	124
bedf1176e734174a	857372	44100	1	16	77
bf16e93a5b61aa5d	1840642	44100	1	16	93
bf5e6bff0e870bd5	105840	44100	1	16	156
bfbfdae758a04f48	105840	44100	1	16	64
c06538a79b63feb6	279778	48000	1	16	37
c120e9994adaf9dd	105840	44100	1	16	294
c157e6e03b886770	701368	22050	1	16	81
c160d99c817b783c	495010	48000	1	16	134
c182c8dca93d15f7	105840	44100	1	16	185
c1863f0247fd9a91	105840	44100	1	16	353
c2124890877a5034	105840	44100	1	16	123
c2e16a6853764ffd	886128	44100	1	16	216
c2f4a545cdb41ea8	115200	48000	1	16	370
c30e6d6a968d7d50	23770	44100	1	16	59
c33c58ea54842d00	2375586	48000	1	16	50
c3e2e1084e50150b	453840	44100	1	16	284
c47b6f25e16d3152	259848	44100	1	16	373
c4a08dd9143216a6	105840	44100	1	16	107
c5509cf27caa33d7	105840	44100	1	16	386
c579643878393485	222844	44100	1	16	272
c66afebf6734ad4b	105840	44100	1	16	231
c6fde5308da940df	211680	44100	2	16	300
c740dcad89beab78	105840	44100	1	16	112
c75baf0dad8efdcb	105840	44100	1	16	35
c80af548ce2d9b79	115200	48000	1	16	362
c841561fc940d192	105840	44100	1	16	65
c844cd2d85f24154	148480	44100	1	16	391
c939eb1fa81c259a	105840	44100	1	16	113
c9813ff0fc07ef87	105840	44100	1	16	176
ca5019afa3efa479	220462	48000	1	16	38
ca5728ac0e1ea9b3	52920	22050	1	16	253
caf42cbe01682291	52920	22050	1	16	117
cb29cd9c474cc3f0	150054	48000	1	16	365
cbcc21922cf5982e	28672	44100	1	16	186
cbd5648a699540e4	33368	44100	1	16	329
cc5bbbd3bcb5d7a8	81240	44100	2	16	316
cc84176f653c8801	2594550	22050	1	16	255
ccba62b36d27b1db	634830	48000	1	16	46
cd08bcfe98403f15	387480	44100	1	16	306
cd5b8bb6aa6c2810	52920	22050	1	16	152
ce53cd8b98d8f130	52920	22050	1	16	299
ce9cad13bd1a2aa1	105840	44100	1	16	120
ceb1c6e72e0c2360	1940100	44100	1	16	205
cf3337f384b1d61c	38214	44100	1	16	383
cf906cf6f51682a1	662398	48000	1	16	140
cf9eff359fa22f15	105840	44100	1	16	389
cfa0d324e5af547c	115200	48000	1	16	127
d01a2ce8644fcb3d	105840	44100	1	16	319
d03fd21f603fb9ce	105840	44100	1	16	33
d06450987fd89755	22022	44100	1	16	201
d082feb1656461a1	682840	44100	1	16	151
d0a11088f57f29fc	689648	48000	1	16	39
d1066cfeb8e38bf7	211680	44100	2	16	224
d15e14c10a642d3d	115200	48000	1	16	29
d1e93047de6bdc92	443992	44100	1	16	286
d2a79a6bb72cb4d8	105840	44100	1	16	259
d2b7982a7f795537	387738	44100	1	16	357
d2d3cd6c2faec342	377444	48000	1	16	323
d35e7293c456755c	2938530	22050	1	16	257
d3f0649c74693b53	105840	44100	1	16	24
d3f42d6af8d4e233	115200	48000	1	16	39
d5bfce2699d80ef1	105840	44100	1	16	145
d6877633f6b3c446	2446180	44100	2	16	177
d834c1fc3229b6bd	105840	44100	1	16	12
d83ee17e1a3484e4	31744	44100	1	16	60
d845f42882e3ec90	482496	44100	1	16	244
d929dd6b37ff1aac	196492	48000	1	16	362
d93d5eb17c14d636	105840	44100	1	16	25
da3e05bff7f14b96	105840	44100	1	16	121
da901ed9e27fdcf4	137216	44100	2	16	174
da97c70d22889e06	105840	44100	1	16	196
dae9438995a76069	115200	48000	1	16	136
db17b99a7300598e	156732	48000	1	16	366
db9d2b8afa20bf5e	22716	44100	1	16	123
dbd24749447dbeb1	105840	44100	1	16	32
dd27f2ab625a2041	105840	44100	1	16	193
dd5b7a17a3658d35	371310	44100	1	16	242
ddbfa9e6e485c611	3404	44100	1	16	259
de0060729c3b9e31	105840	44100	1	16	20
de0060729c3b9e31	105840	44100	1	16	6
de13e5e2dca911a3	347750	48000	1	16	324
df432ce27f6a42fe	4358534	44100	1	16	97
df49ac5c1bfc5919	102642	44100	1	16	265
df7a08cc041f8679	3000972	44100	2	16	160
dfeec816db6d3658	387878	44100	1	16	356
e0986a02018ad2b4	72484	44100	1	16	343
e1a4aeffd6b7e3cb	211680	44100	2	16	270
e1c0fb139c39e388	105840	44100	1	16	110
e1ee4f947c583257	105840	44100	1	16	252
e213d2c08e30d8d4	105840	44100	1	16	8
e21c65568c4b29d7	529974	44100	1	16	226
e2b5d0f715210d5f	355244	44100	1	16	295
e2bec01744a6f4b7	115200	48000	1	16	31
e31d693e31bdd497	5591520	44100	2	16	1
e320e3cae5112605	269898	48000	1	16	47
e49265718fa76c12	200704	44100	1	16	24
e53f0d28243988f7	133024	44100	1	16	198
e6c928721196f0ea	115200	48000	1	16	38
e74b1c4d034c3407	105840	44100	1	16	208
e75ee2c47cca34d3	708378	44100	1	16	351
e77b45515842ddb6	481358	48000	1	16	133
e7f56873dfe71005	347414	44100	1	16	94
e8f993325ecc5a39	105840	44100	1	16	144
e9080e9fc0e19646	133612	44100	1	16	287
e99276e9f08f7531	105840	44100	1	16	347
e9cfe465b95b9797	54160	44100	2	16	321
e9e4ddca48482cca	211680	44100	2	16	379
ea6b513c054f79a8	65088	44100	2	16	314
ea9e2b8535a83dad	115200	48000	1	16	267
eaccb7d1cc65b800	16964	44100	1	16	137
eafa69c8221c3c8a	495310	44100	1	16	385
eb103f378f9930e4	171008	44100	1	16	25
eb1d1263592830a9	105840	44100	1	16	313
eb9c42739429dafc	105840	44100	1	16	329
ebb257a534621dab	13198	44100	1	16	119
ebfd2ac17bb8ac80	105840	44100	1	16	198
ec205d90ccc76d59	115200	48000	1	16	366
ec4a4bc8165ab927	116736	44100	1	16	32
eced5df14621bcbc	211680	44100	2	16	16
ed0fd5c7aba67f90	643904	44100	1	16	227
ed10efde509044df	882000	44100	1	16	328
ed759c50269202a2	1977150	22050	1	16	256
edaa35c9284de90e	115200	48000	1	16	44
ede58bb64223e45a	5271708	44100	2	16	202
edf5f6402b01dd63	105840	44100	1	16	187
ee44c16357f8bf6e	105840	44100	1	16	119
ee4abdee04738be1	105840	44100	1	16	229
ee659a1a65f7a7d2	211680	44100	2	16	348
ef3af19b26535cd2	971810	48000	1	16	128
ef99b32d03482b52	105840	44100	1	16	14
efa36f899c8a0643	21883392	44100	2	16	102
f02498d8ae12606c	105840	44100	1	16	342
f0329748a6cdc54c	105840	44100	1	16	59
f0e1ac4e1884ce67	105840	44100	1	16	43
f0f07815bdba5ef3	211680	44100	2	16	177
f124ee76a35439e2	105840	44100	1	16	272
f161b16ba6735577	211680	44100	2	16	320
f18989ae0ac78e4c	630806	44100	1	16	91
f1ebca7b4bd86e10	217088	44100	1	16	101
f1fd636ed6f26ce2	115200	48000	1	16	364
f2216a78840cb540	151640	44100	1	16	106
f253c3789280d5fc	105840	44100	1	16	137
f2835eac4a336257	115200	48000	1	16	298
f28f03c049a67fde	105840	44100	1	16	23
f2a25ad293f06782	211680	44100	2	16	5
f2f99dcd0337f79b	211680	44100	2	16	361
f382c8cdd2abb904	577146	48000	1	16	63
f3924b60042eb6af	2469600	44100	2	16	157
f3cc12b2cfa71ba1	105840	44100	1	16	178
f502a242ef3ab3b0	154624	44100	1	16	238
f569da852bf7a139	105840	44100	1	16	372
f5acecbbfd6f8e97	428062	44100	1	16	381
f5e08ba043f1ee1b	105840	44100	1	16	207
f611d54f1e789f03	105840	44100	1	16	243
f628b9e5145f7666	105840	44100	1	16	118
f6b10e12494e7df5	105840	44100	1	16	237
f6b566885390569c	105840	44100	1	16	95
f6d260d0c04c0c12	105840	44100	1	16	82
f6dea2b3a86ee0ee	507936	44100	1	16	310
f81290009e0901f0	105840	22050	2	16	303
f8ee41c1c3286477	101376	44100	1	16	221
f9722ad31120a33c	105840	44100	1	16	197
fa6b10b3d84dda85	1771548	44100	2	16	248
fa9a4ad907232abb	1312988	44100	1	16	116
fb086989f5b417ee	105840	44100	1	16	242
fc22f1acd126c05b	211680	44100	2	16	249
fcbfaef18cf0c6d4	2516526	44100	1	16	218
fccb4443f31ca348	105840	44100	1	16	163
fcdec74fbe713573	398720	44100	1	16	278
fd2a31dc43fce9b1	115712	44100	1	16	33
fe13899994510108	171008	44100	1	16	27
fe13e6cd371e5313	105840	44100	1	16	105
fe91d8f5f435df3b	211680	44100	2	16	174
fed359c88e6c68e4	105840	44100	1	16	292
fee4b0fb4276939a	105840	44100	1	16	130
fef485c8d71ef014	638136	48000	1	16	55
ff2c7dfc5eddfe99	105840	44100	1	16	357
ff48ec393df19c19	105840	44100	1	16	317
ffb581856280da77	115200	48000	1	16	54
